-- dim_date (30 days Jan-Feb 2024)
INSERT INTO dim_date VALUES
(20240101,'2024-01-01','Monday',1,1,'January','Q1',2024,false),
(20240102,'2024-01-02','Tuesday',2,1,'January','Q1',2024,false),
(20240103,'2024-01-03','Wednesday',3,1,'January','Q1',2024,false),
(20240104,'2024-01-04','Thursday',4,1,'January','Q1',2024,false),
(20240105,'2024-01-05','Friday',5,1,'January','Q1',2024,false),
(20240106,'2024-01-06','Saturday',6,1,'January','Q1',2024,true),
(20240107,'2024-01-07','Sunday',7,1,'January','Q1',2024,true),
(20240108,'2024-01-08','Monday',8,1,'January','Q1',2024,false),
(20240109,'2024-01-09','Tuesday',9,1,'January','Q1',2024,false),
(20240110,'2024-01-10','Wednesday',10,1,'January','Q1',2024,false),

(20240201,'2024-02-01','Thursday',1,2,'February','Q1',2024,false),
(20240202,'2024-02-02','Friday',2,2,'February','Q1',2024,false),
(20240203,'2024-02-03','Saturday',3,2,'February','Q1',2024,true),
(20240204,'2024-02-04','Sunday',4,2,'February','Q1',2024,true),
(20240205,'2024-02-05','Monday',5,2,'February','Q1',2024,false),
(20240206,'2024-02-06','Tuesday',6,2,'February','Q1',2024,false),
(20240207,'2024-02-07','Wednesday',7,2,'February','Q1',2024,false),
(20240208,'2024-02-08','Thursday',8,2,'February','Q1',2024,false),
(20240209,'2024-02-09','Friday',9,2,'February','Q1',2024,false),
(20240210,'2024-02-10','Saturday',10,2,'February','Q1',2024,true);

-- dim_product (15 products)
INSERT INTO dim_product (product_id,product_name,category,subcategory,unit_price) VALUES
('P001','Laptop Pro','Electronics','Laptop',50000),
('P002','Smartphone X','Electronics','Phone',30000),
('P003','Headphones','Electronics','Audio',5000),
('P004','Jeans','Fashion','Clothing',2000),
('P005','Sneakers','Fashion','Shoes',4000),
('P006','T-Shirt','Fashion','Clothing',1000),
('P007','Rice 5kg','Groceries','Grains',600),
('P008','Olive Oil','Groceries','Oil',800),
('P009','Sugar 2kg','Groceries','Sweetener',150),
('P010','Monitor','Electronics','Display',12000),
('P011','Keyboard','Electronics','Accessory',1500),
('P012','Jacket','Fashion','Outerwear',6000),
('P013','Milk 1L','Groceries','Dairy',60),
('P014','Tablet','Electronics','Tablet',25000),
('P015','Shoes Premium','Fashion','Shoes',9000);

-- dim_customer (12 customers)
INSERT INTO dim_customer (customer_id,customer_name,city,state,customer_segment) VALUES
('C001','Rahul Sharma','Mumbai','MH','Retail'),
('C002','Anita Verma','Delhi','DL','Retail'),
('C003','Suresh Iyer','Bangalore','KA','Retail'),
('C004','Pooja Patel','Ahmedabad','GJ','Retail'),
('C005','Amit Singh','Jaipur','RJ','Retail'),
('C006','Neha Gupta','Pune','MH','Retail'),
('C007','Ravi Nair','Kochi','KL','Retail'),
('C008','Karan Malhotra','Chandigarh','CH','Retail'),
('C009','Sneha Joshi','Nagpur','MH','Retail'),
('C010','Manoj Rao','Hyderabad','TS','Retail'),
('C011','Ritu Shah','Surat','GJ','Retail'),
('C012','Varun Mehta','Indore','MP','Retail');

-- fact_sales (40 rows)
INSERT INTO fact_sales (date_key,product_key,customer_key,quantity_sold,unit_price,discount_amount,total_amount) VALUES
(20240101,1,1,2,50000,0,100000),
(20240102,2,2,1,30000,0,30000),
(20240103,3,3,3,5000,0,15000),
(20240104,4,4,2,2000,0,4000),
(20240105,5,5,1,4000,0,4000),
(20240106,6,6,4,1000,0,4000),
(20240107,7,7,5,600,0,3000),
(20240108,8,8,2,800,0,1600),
(20240109,9,9,6,150,0,900),
(20240110,10,10,1,12000,0,12000),
(20240201,11,11,3,1500,0,4500),
(20240202,12,12,1,6000,0,6000),
(20240203,13,1,10,60,0,600),
(20240204,14,2,1,25000,0,25000),
(20240205,15,3,1,9000,0,9000),
(20240206,1,4,1,50000,0,50000),
(20240207,2,5,2,30000,0,60000),
(20240208,3,6,4,5000,0,20000),
(20240209,4,7,2,2000,0,4000),
(20240210,5,8,3,4000,0,12000),
(20240106,6,9,2,1000,0,2000),
(20240107,7,10,4,600,0,2400),
(20240108,8,11,1,800,0,800),
(20240109,9,12,5,150,0,750),
(20240110,10,1,1,12000,0,12000),
(20240201,11,2,2,1500,0,3000),
(20240202,12,3,1,6000,0,6000),
(20240203,13,4,8,60,0,480),
(20240204,14,5,1,25000,0,25000),
(20240205,15,6,2,9000,0,18000),
(20240103,3,7,2,5000,0,10000),
(20240104,4,8,1,2000,0,2000),
(20240105,5,9,2,4000,0,8000),
(20240106,6,10,3,1000,0,3000),
(20240107,7,11,6,600,0,3600),
(20240108,8,12,2,800,0,1600),
(20240109,9,1,4,150,0,600),
(20240110,10,2,1,12000,0,12000),
(20240201,11,3,3,1500,0,4500),
(20240202,12,4,1,6000,0,6000);